name,link
KEKW,https://cdn.betterttv.net/emote/5dae422b89488d12cc727c80/2x
pepePls,https://cdn.betterttv.net/emote/55898e122612142e6aaa935b/2x
Clap,https://cdn.betterttv.net/emote/55b6f480e66682f576dd94f5/2x
monkaS,https://cdn.betterttv.net/emote/56e9f494fff3cc5c35e5287e/2x
monkaW,https://cdn.betterttv.net/emote/59ca6551b27c823d5b1fd872/2x
POGGERS,https://cdn.betterttv.net/emote/58ae8407ff7b7276f8e594f2/2x
PepeHands,https://cdn.betterttv.net/emote/59f27b3f4ebd8047f54dee29/2x
pepeJAM,https://cdn.betterttv.net/emote/5b77ac3af7bddc567b1d5fb2/2x
pepeD,https://cdn.betterttv.net/emote/5b1740221c5a6065a7bad4b5/2x
TriKool,https://cdn.betterttv.net/emote/59a6d3dedccaf930aa8f3de1/2x
FeelsRainMan,https://cdn.betterttv.net/emote/57850b9df1bf2c1003a88644/2x
TriDance,https://cdn.betterttv.net/emote/5d1e70f498539c4801cc3811/2x
peepoPooPoo,https://cdn.betterttv.net/emote/5c3427a55752683d16e409d1/2x
5Head,https://cdn.betterttv.net/emote/5d6096974932b21d9c332904/2x
OMEGALUL,https://cdn.betterttv.net/emote/583089f4737a8e61abb0186b/2x
ppJedi,https://cdn.betterttv.net/emote/5b52e96eb4276d0be256f809/2x
widepeepoHappy,https://cdn.frankerfacez.com/emoticon/270930/2
KKomrade,https://cdn.frankerfacez.com/emoticon/145916/2
PogYou,https://cdn.frankerfacez.com/emoticon/297232/2
PepeLaugh,https://cdn.frankerfacez.com/emoticon/263833/2
peepoBlanket,https://cdn.frankerfacez.com/emoticon/262458/2
pikachuS,https://cdn.frankerfacez.com/emoticon/298485/2
SmileW,https://cdn.frankerfacez.com/emoticon/179088/2
WideHardo,https://cdn.frankerfacez.com/emoticon/309114/2
KEKWait,https://cdn.frankerfacez.com/emoticon/390750/2
Pepega,https://cdn.betterttv.net/emote/5aca62163e290877a25481ad/2x
EZ,https://cdn.betterttv.net/emote/5590b223b344e2c42a9e28e3/2x
COGGERS,https://cdn.betterttv.net/emote/5ab6f0ece1d6391b63498774/2x
HYPERCLAP,https://cdn.betterttv.net/emote/5bdee30a0aabfd2d72738adf/2x
StarziTurboJam,https://cdn.betterttv.net/emote/5e11d6e90550d42106b8c6c2/2x
RareChar,https://cdn.betterttv.net/emote/562b9101a6646e202bcc5447/2x
RareMonkey,https://cdn.betterttv.net/emote/55f1cc2b4bbea27f0a7cb210/2x
PolarStrut,https://cdn.betterttv.net/emote/5a9c53a1f2c6f00d57f08289/2x
monkaChrist,https://cdn.frankerfacez.com/emoticon/243681/2
monkaHmm,https://cdn.frankerfacez.com/emoticon/273441/2
ratirlTip,https://static-cdn.jtvnw.net/emoticons/v1/1245624/2.0
ratirlCoffe,https://static-cdn.jtvnw.net/emoticons/v1/1560003/2.0
ratirlChilling,https://static-cdn.jtvnw.net/emoticons/v1/300651575/2.0
ratirlFlower,https://static-cdn.jtvnw.net/emoticons/v1/300800394/2.0
ratirlBusiness,https://static-cdn.jtvnw.net/emoticons/v1/301129411/2.0
ratirlSalute,https://static-cdn.jtvnw.net/emoticons/v1/301389304/2.0
LUL,https://static-cdn.jtvnw.net/emoticons/v1/425618/2.0
RaccAttack,https://static-cdn.jtvnw.net/emoticons/v1/114870/2.0
Kappa,https://static-cdn.jtvnw.net/emoticons/v1/25/2.0
